"Data Source","World Development Indicators",

"Last Updated Date","2020-12-16",

"Country Name","Country Code","Indicator Name","Indicator Code","1960","1961","1962","1963","1964","1965","1966","1967","1968","1969","1970","1971","1972","1973","1974","1975","1976","1977","1978","1979","1980","1981","1982","1983","1984","1985","1986","1987","1988","1989","1990","1991","1992","1993","1994","1995","1996","1997","1998","1999","2000","2001","2002","2003","2004","2005","2006","2007","2008","2009","2010","2011","2012","2013","2014","2015","2016","2017","2018","2019","2020",
"Aruba","ABW","New businesses registered (number)","IC.BUS.NREG","","","","","","","","","","","","","","","","","","","","","","","","","","","","","","","","","","","","","","","","","","","","","","","","","","","","","","","","","","","","","",
"Afghanistan","AFG","New businesses registered (number)","IC.BUS.NREG","","","","","","","","","","","","","","","","","","","","","","","","","","","","","","","","","","","","","","","","","","","","","","","","","636","3653","4759","3745","3557","3191","2466","2255","2448","3022","4274","","",
"Angola","AGO","New businesses registered (number)","IC.BUS.NREG","","","","","","","","","","","","","","","","","","","","","","","","","","","","","","","","","","","","","","","","","","","","","","","","","","","","","","","","","","","","","",
"Albania","ALB","New businesses registered (number)","IC.BUS.NREG","","","","","","","","","","","","","","","","","","","","","","","","","","","","","","","","","","","","","","","","","","","","","","","1417","2176","3005","2045","2088","1849","1886","2114","2219","2616","2679","2985","2990","","",
"Andorra","AND","New businesses registered (number)","IC.BUS.NREG","","","","","","","","","","","","","","","","","","","","","","","","","","","","","","","","","","","","","","","","","","","","","","","","","","","","","","","","","","","","","",
"Arab World","ARB","New businesses registered (number)","IC.BUS.NREG","","","","","","","","","","","","","","","","","","","","","","","","","","","","","","","","","","","","","","","","","","","","","","","","","","","","","","","","","","","","","",
"United Arab Emirates","ARE","New businesses registered (number)","IC.BUS.NREG","","","","","","","","","","","","","","","","","","","","","","","","","","","","","","","","","","","","","","","","","","","","","","","10434","11971","9510","8371","10288","14753","16469","18711","21814","20153","20597","22134","24716","","",
"Argentina","ARG","New businesses registered (number)","IC.BUS.NREG","","","","","","","","","","","","","","","","","","","","","","","","","","","","","","","","","","","","","","","","","","","","","","","5956","6031","6032","4885","5400","5828","4928","5406","4699","4958","5885","6209","5667","","",
"Armenia","ARM","New businesses registered (number)","IC.BUS.NREG","","","","","","","","","","","","","","","","","","","","","","","","","","","","","","","","","","","","","","","","","","","","","","","2474","3290","3344","2575","2527","2640","3190","3180","3168","3493","3510","4443","6137","","",
"American Samoa","ASM","New businesses registered (number)","IC.BUS.NREG","","","","","","","","","","","","","","","","","","","","","","","","","","","","","","","","","","","","","","","","","","","","","","","","","","","","","","","","","","","","","",
"Antigua and Barbuda","ATG","New businesses registered (number)","IC.BUS.NREG","","","","","","","","","","","","","","","","","","","","","","","","","","","","","","","","","","","","","","","","","","","","","","","249","244","184","128","194","167","120","174","195","208","219","257","220","","",
"Australia","AUS","New businesses registered (number)","IC.BUS.NREG","","","","","","","","","","","","","","","","","","","","","","","","","","","","","","","","","","","","","","","","","","","","","","","135092","159108","143153","147258","160615","168170","185009","226209","231920","242347","246623","250946","235654","","",
"Austria","AUT","New businesses registered (number)","IC.BUS.NREG","","","","","","","","","","","","","","","","","","","","","","","","","","","","","","","","","","","","","","","","","","","","","","","3759","3622","3663","3274","3476","3213","3058","3466","4235","3631","3548","3679","3830","","",
"Azerbaijan","AZE","New businesses registered (number)","IC.BUS.NREG","","","","","","","","","","","","","","","","","","","","","","","","","","","","","","","","","","","","","","","","","","","","","","","","","6153","4677","3541","4174","4661","7172","6803","5208","7219","11058","11611","","",
"Burundi","BDI","New businesses registered (number)","IC.BUS.NREG","","","","","","","","","","","","","","","","","","","","","","","","","","","","","","","","","","","","","","","","","","","","","","","","","","","","","","","","","","","","","",
"Belgium","BEL","New businesses registered (number)","IC.BUS.NREG","","","","","","","","","","","","","","","","","","","","","","","","","","","","","","","","","","","","","","","","","","","","","","","19510","21850","22078","19469","22655","24034","21790","18669","23573","21428","27248","24152","24677","","",
"Benin","BEN","New businesses registered (number)","IC.BUS.NREG","","","","","","","","","","","","","","","","","","","","","","","","","","","","","","","","","","","","","","","","","","","","","","","","","","","","1310","1607","1665","2527","3579","3740","3528","3341","","",
"Burkina Faso","BFA","New businesses registered (number)","IC.BUS.NREG","","","","","","","","","","","","","","","","","","","","","","","","","","","","","","","","","","","","","","","","","","","","","","","","","","","","","","","","","","2940","3416","","",
"Bangladesh","BGD","New businesses registered (number)","IC.BUS.NREG","","","","","","","","","","","","","","","","","","","","","","","","","","","","","","","","","","","","","","","","","","","","","","","","","","","","","","","","7556","8103","7629","4473","","",
"Bulgaria","BGR","New businesses registered (number)","IC.BUS.NREG","","","","","","","","","","","","","","","","","","","","","","","","","","","","","","","","","","","","","","","","","","","","","","","","","41232","35556","33291","39879","44540","43640","43055","46518","50753","49638","45683","","",
"Bahrain","BHR","New businesses registered (number)","IC.BUS.NREG","","","","","","","","","","","","","","","","","","","","","","","","","","","","","","","","","","","","","","","","","","","","","","","1110","1416","1584","1127","1363","1207","1346","1433","1439","1567","4230","4177","3823","","",
"Bahamas, The","BHS","New businesses registered (number)","IC.BUS.NREG","","","","","","","","","","","","","","","","","","","","","","","","","","","","","","","","","","","","","","","","","","","","","","","","","","","","","","","","","","","","","",
"Bosnia and Herzegovina","BIH","New businesses registered (number)","IC.BUS.NREG","","","","","","","","","","","","","","","","","","","","","","","","","","","","","","","","","","","","","","","","","","","","","","","","","","","","","","","","","2814","2433","2493","","",
"Belarus","BLR","New businesses registered (number)","IC.BUS.NREG","","","","","","","","","","","","","","","","","","","","","","","","","","","","","","","","","","","","","","","","","","","","","","","1885","3820","5168","5714","6399","6063","7674","8983","7019","6095","6427","7861","8700","","",
"Belize","BLZ","New businesses registered (number)","IC.BUS.NREG","","","","","","","","","","","","","","","","","","","","","","","","","","","","","","","","","","","","","","","","","","","","","","","","923","801","583","604","1000","863","801","763","757","915","900","843","","",
"Bermuda","BMU","New businesses registered (number)","IC.BUS.NREG","","","","","","","","","","","","","","","","","","","","","","","","","","","","","","","","","","","","","","","","","","","","","","","","","","","","","","","","","","","","","",
"Bolivia","BOL","New businesses registered (number)","IC.BUS.NREG","","","","","","","","","","","","","","","","","","","","","","","","","","","","","","","","","","","","","","","","","","","","","","","","","","","","","","","","","","","3593","","",
"Brazil","BRA","New businesses registered (number)","IC.BUS.NREG","","","","","","","","","","","","","","","","","","","","","","","","","","","","","","","","","","","","","","","","","","","","","","","","","","","376746","375716","295721","258630","227368","198263","175932","181103","189076","","",
"Barbados","BRB","New businesses registered (number)","IC.BUS.NREG","","","","","","","","","","","","","","","","","","","","","","","","","","","","","","","","","","","","","","","","","","","","","","","","","","","","","","","","","","","","","",
"Brunei Darussalam","BRN","New businesses registered (number)","IC.BUS.NREG","","","","","","","","","","","","","","","","","","","","","","","","","","","","","","","","","","","","","","","","","","","","","","","","","","","","368","480","475","457","573","760","798","731","","",
"Bhutan","BTN","New businesses registered (number)","IC.BUS.NREG","","","","","","","","","","","","","","","","","","","","","","","","","","","","","","","","","","","","","","","","","","","","","","","10","11","21","13","18","23","82","23","29","44","50","72","47","","",
"Botswana","BWA","New businesses registered (number)","IC.BUS.NREG","","","","","","","","","","","","","","","","","","","","","","","","","","","","","","","","","","","","","","","","","","","","","","","6628","6367","8245","10963","11704","12364","16202","15094","18623","23515","26613","","","","",
"Central African Republic","CAF","New businesses registered (number)","IC.BUS.NREG","","","","","","","","","","","","","","","","","","","","","","","","","","","","","","","","","","","","","","","","","","","","","","","","","32","75","89","96","135","63","62","97","157","153","213","","",
"Canada","CAN","New businesses registered (number)","IC.BUS.NREG","","","","","","","","","","","","","","","","","","","","","","","","","","","","","","","","","","","","","","","","","","","","","","","","","","","","","","","","","","3908","4065","","",
"Central Europe and the Baltics","CEB","New businesses registered (number)","IC.BUS.NREG","","","","","","","","","","","","","","","","","","","","","","","","","","","","","","","","","","","","","","","","","","","","","","","","","","","","","","","","","","","","","",
"Switzerland","CHE","New businesses registered (number)","IC.BUS.NREG","","","","","","","","","","","","","","","","","","","","","","","","","","","","","","","","","","","","","","","","","","","","","","","19471","21391","21733","20810","22139","23765","23608","24601","25085","24244","24135","25790","25637","","",
"Channel Islands","CHI","New businesses registered (number)","IC.BUS.NREG","","","","","","","","","","","","","","","","","","","","","","","","","","","","","","","","","","","","","","","","","","","","","","","","","","","","","","","","","","","","","",
"Chile","CHL","New businesses registered (number)","IC.BUS.NREG","","","","","","","","","","","","","","","","","","","","","","","","","","","","","","","","","","","","","","","","","","","","","","","32112","34851","36698","38870","44353","58407","68439","85418","98433","102914","109880","118724","132740","","",
"China","CHN","New businesses registered (number)","IC.BUS.NREG","","","","","","","","","","","","","","","","","","","","","","","","","","","","","","","","","","","","","","","","","","","","","","","","","","","","","","","","","","","","","",
"Cote d'Ivoire","CIV","New businesses registered (number)","IC.BUS.NREG","","","","","","","","","","","","","","","","","","","","","","","","","","","","","","","","","","","","","","","","","","","","","","","","","","","","","","1342","3664","5758","7881","8043","10233","","",
"Cameroon","CMR","New businesses registered (number)","IC.BUS.NREG","","","","","","","","","","","","","","","","","","","","","","","","","","","","","","","","","","","","","","","","","","","","","","","","","","","","","","","","","","","","","",
"Congo, Dem. Rep.","COD","New businesses registered (number)","IC.BUS.NREG","","","","","","","","","","","","","","","","","","","","","","","","","","","","","","","","","","","","","","","","","","","","","","","","","","","","","","","","1701","1565","1464","2102","","",
"Congo, Rep.","COG","New businesses registered (number)","IC.BUS.NREG","","","","","","","","","","","","","","","","","","","","","","","","","","","","","","","","","","","","","","","","","","","","","","","","","","","","","","","","","","","","","",
"Colombia","COL","New businesses registered (number)","IC.BUS.NREG","","","","","","","","","","","","","","","","","","","","","","","","","","","","","","","","","","","","","","","","","","","","","","","","","","","","52659","56651","59450","67702","59554","67248","65710","68588","","",
"Comoros","COM","New businesses registered (number)","IC.BUS.NREG","","","","","","","","","","","","","","","","","","","","","","","","","","","","","","","","","","","","","","","","","","","","","","","","","","","","","","","","","","","78","","",
"Cabo Verde","CPV","New businesses registered (number)","IC.BUS.NREG","","","","","","","","","","","","","","","","","","","","","","","","","","","","","","","","","","","","","","","","","","","","","","","","","","764","893","1131","916","974","1008","1284","1911","1137","1444","","",
"Costa Rica","CRI","New businesses registered (number)","IC.BUS.NREG","","","","","","","","","","","","","","","","","","","","","","","","","","","","","","","","","","","","","","","","","","","","","","","4958","6462","7158","4210","5104","4414","2925","2980","3742","4786","7028","7393","8984","","",
"Caribbean small states","CSS","New businesses registered (number)","IC.BUS.NREG","","","","","","","","","","","","","","","","","","","","","","","","","","","","","","","","","","","","","","","","","","","","","","","","","","","","","","","","","","","","","",
"Cuba","CUB","New businesses registered (number)","IC.BUS.NREG","","","","","","","","","","","","","","","","","","","","","","","","","","","","","","","","","","","","","","","","","","","","","","","","","","","","","","","","","","","","","",
"Curacao","CUW","New businesses registered (number)","IC.BUS.NREG","","","","","","","","","","","","","","","","","","","","","","","","","","","","","","","","","","","","","","","","","","","","","","","","","","","","","","","","","","","","","",
"Cayman Islands","CYM","New businesses registered (number)","IC.BUS.NREG","","","","","","","","","","","","","","","","","","","","","","","","","","","","","","","","","","","","","","","","","","","","","","","","","","","","","","","","","","","","","",
"Cyprus","CYP","New businesses registered (number)","IC.BUS.NREG","","","","","","","","","","","","","","","","","","","","","","","","","","","","","","","","","","","","","","","","","","","","","","","20280","29016","24453","16101","19278","19538","17999","10847","11169","11270","13645","13677","14526","","",
"Czech Republic","CZE","New businesses registered (number)","IC.BUS.NREG","","","","","","","","","","","","","","","","","","","","","","","","","","","","","","","","","","","","","","","","","","","","","","","16395","20938","22633","21717","22456","21173","21571","22227","24366","26068","27881","31195","30336","","",
"Germany","DEU","New businesses registered (number)","IC.BUS.NREG","","","","","","","","","","","","","","","","","","","","","","","","","","","","","","","","","","","","","","","","","","","","","","","65447","65292","65812","74055","73966","71190","69332","68526","67458","69384","70720","71801","72844","","",
"Djibouti","DJI","New businesses registered (number)","IC.BUS.NREG","","","","","","","","","","","","","","","","","","","","","","","","","","","","","","","","","","","","","","","","","","","","","","","","","","","","","","","","","","","","","",
"Dominica","DMA","New businesses registered (number)","IC.BUS.NREG","","","","","","","","","","","","","","","","","","","","","","","","","","","","","","","","","","","","","","","","","","","","","","","205","194","207","162","201","178","172","132","193","168","609","339","371","","",
"Denmark","DNK","New businesses registered (number)","IC.BUS.NREG","","","","","","","","","","","","","","","","","","","","","","","","","","","","","","","","","","","","","","","","","","","","","","","26508","29233","26228","17576","18814","18386","17218","16992","25933","30282","33645","36341","36982","","",
"Dominican Republic","DOM","New businesses registered (number)","IC.BUS.NREG","","","","","","","","","","","","","","","","","","","","","","","","","","","","","","","","","","","","","","","","","","","","","","","","","","","","3257","7219","8131","8059","8367","9363","9597","10204","","",
"Algeria","DZA","New businesses registered (number)","IC.BUS.NREG","","","","","","","","","","","","","","","","","","","","","","","","","","","","","","","","","","","","","","","","","","","","","","","4218","3622","4651","4574","4122","4711","7724","7698","8426","8093","8841","9885","9472","","",
"East Asia & Pacific (excluding high income)","EAP","New businesses registered (number)","IC.BUS.NREG","","","","","","","","","","","","","","","","","","","","","","","","","","","","","","","","","","","","","","","","","","","","","","","","","","","","","","","","","","","","","",
"Early-demographic dividend","EAR","New businesses registered (number)","IC.BUS.NREG","","","","","","","","","","","","","","","","","","","","","","","","","","","","","","","","","","","","","","","","","","","","","","","","","","","","","","","","","","","","","",
"East Asia & Pacific","EAS","New businesses registered (number)","IC.BUS.NREG","","","","","","","","","","","","","","","","","","","","","","","","","","","","","","","","","","","","","","","","","","","","","","","","","","","","","","","","","","","","","",
"Europe & Central Asia (excluding high income)","ECA","New businesses registered (number)","IC.BUS.NREG","","","","","","","","","","","","","","","","","","","","","","","","","","","","","","","","","","","","","","","","","","","","","","","","","","","","","","","","","","","","","",
"Europe & Central Asia","ECS","New businesses registered (number)","IC.BUS.NREG","","","","","","","","","","","","","","","","","","","","","","","","","","","","","","","","","","","","","","","","","","","","","","","","","","","","","","","","","","","","","",
"Ecuador","ECU","New businesses registered (number)","IC.BUS.NREG","","","","","","","","","","","","","","","","","","","","","","","","","","","","","","","","","","","","","","","","","","","","","","","","","","","","","","","","","","","","","",
"Egypt, Arab Rep.","EGY","New businesses registered (number)","IC.BUS.NREG","","","","","","","","","","","","","","","","","","","","","","","","","","","","","","","","","","","","","","","","","","","","","","","","","","","","","","","","","","","","","",
"Euro area","EMU","New businesses registered (number)","IC.BUS.NREG","","","","","","","","","","","","","","","","","","","","","","","","","","","","","","","","","","","","","","","","","","","","","","","","","","","","","","","","","","","","","",
"Eritrea","ERI","New businesses registered (number)","IC.BUS.NREG","","","","","","","","","","","","","","","","","","","","","","","","","","","","","","","","","","","","","","","","","","","","","","","","","","","","","","","","","","","","","",
"Spain","ESP","New businesses registered (number)","IC.BUS.NREG","","","","","","","","","","","","","","","","","","","","","","","","","","","","","","","","","","","","","","","","","","","","","","","146837","140815","102247","77393","79202","84137","86591","92859","93439","93982","100456","93911","94676","","",
"Estonia","EST","New businesses registered (number)","IC.BUS.NREG","","","","","","","","","","","","","","","","","","","","","","","","","","","","","","","","","","","","","","","","","","","","","","","12070","11599","9661","8183","9212","13141","13524","14242","13867","15005","16572","18461","19950","","",
"Ethiopia","ETH","New businesses registered (number)","IC.BUS.NREG","","","","","","","","","","","","","","","","","","","","","","","","","","","","","","","","","","","","","","","","","","","","","","","","","","","","","","","","","10693","34912","31198","","",
"European Union","EUU","New businesses registered (number)","IC.BUS.NREG","","","","","","","","","","","","","","","","","","","","","","","","","","","","","","","","","","","","","","","","","","","","","","","","","","","","","","","","","","","","","",
"Fragile and conflict affected situations","FCS","New businesses registered (number)","IC.BUS.NREG","","","","","","","","","","","","","","","","","","","","","","","","","","","","","","","","","","","","","","","","","","","","","","","","","","","","","","","","","","","","","",
"Finland","FIN","New businesses registered (number)","IC.BUS.NREG","","","","","","","","","","","","","","","","","","","","","","","","","","","","","","","","","","","","","","","","","","","","","","","10247","13948","14091","12254","12391","12744","12506","12441","11965","12625","13590","13848","14700","","",
"Fiji","FJI","New businesses registered (number)","IC.BUS.NREG","","","","","","","","","","","","","","","","","","","","","","","","","","","","","","","","","","","","","","","","","","","","","","","","","","","","","","","","","","","","","",
"France","FRA","New businesses registered (number)","IC.BUS.NREG","","","","","","","","","","","","","","","","","","","","","","","","","","","","","","","","","","","","","","","","","","","","","","","136033","160375","161808","152302","163650","166653","159521","158875","165722","171984","188843","197899","201087","","",
"Faroe Islands","FRO","New businesses registered (number)","IC.BUS.NREG","","","","","","","","","","","","","","","","","","","","","","","","","","","","","","","","","","","","","","","","","","","","","","","","","","","","","","","","","","","","","",
"Micronesia, Fed. Sts.","FSM","New businesses registered (number)","IC.BUS.NREG","","","","","","","","","","","","","","","","","","","","","","","","","","","","","","","","","","","","","","","","","","","","","","","","","","","","","","","","","","","25","","",
"Gabon","GAB","New businesses registered (number)","IC.BUS.NREG","","","","","","","","","","","","","","","","","","","","","","","","","","","","","","","","","","","","","","","","","","","","","","","729","1019","1069","1009","1248","1251","1258","1421","1620","1544","1175","1192","1106","","",
"United Kingdom","GBR","New businesses registered (number)","IC.BUS.NREG","","","","","","","","","","","","","","","","","","","","","","","","","","","","","","","","","","","","","","","","","","","","","","","403860","452135","362322","364131","400867","453898","492754","522439","585672","611478","663616","632517","664974","","",
"Georgia","GEO","New businesses registered (number)","IC.BUS.NREG","","","","","","","","","","","","","","","","","","","","","","","","","","","","","","","","","","","","","","","","","","","","","","","6086","7629","8661","7727","11267","14091","15005","17763","17610","18433","21303","25561","25241","","",
"Ghana","GHA","New businesses registered (number)","IC.BUS.NREG","","","","","","","","","","","","","","","","","","","","","","","","","","","","","","","","","","","","","","","","","","","","","","","7651","9624","14485","15324","13760","15649","13154","","","","","","","","",
"Gibraltar","GIB","New businesses registered (number)","IC.BUS.NREG","","","","","","","","","","","","","","","","","","","","","","","","","","","","","","","","","","","","","","","","","","","","","","","","","","","","","","","","","","","","","",
"Guinea","GIN","New businesses registered (number)","IC.BUS.NREG","","","","","","","","","","","","","","","","","","","","","","","","","","","","","","","","","","","","","","","","","","","","","","","","","","","","","","","794","1455","1853","2346","2630","","",
"Gambia, The","GMB","New businesses registered (number)","IC.BUS.NREG","","","","","","","","","","","","","","","","","","","","","","","","","","","","","","","","","","","","","","","","","","","","","","","","","","","","","","","","","","","","","",
"Guinea-Bissau","GNB","New businesses registered (number)","IC.BUS.NREG","","","","","","","","","","","","","","","","","","","","","","","","","","","","","","","","","","","","","","","","","","","","","","","","","","","","","","","","","","","","","",
"Equatorial Guinea","GNQ","New businesses registered (number)","IC.BUS.NREG","","","","","","","","","","","","","","","","","","","","","","","","","","","","","","","","","","","","","","","","","","","","","","","","","","","","","","","","","","","","","",
"Greece","GRC","New businesses registered (number)","IC.BUS.NREG","","","","","","","","","","","","","","","","","","","","","","","","","","","","","","","","","","","","","","","","","","","","","","","","","","","","","3472","4890","5064","4746","5735","7706","9793","","",
"Grenada","GRD","New businesses registered (number)","IC.BUS.NREG","","","","","","","","","","","","","","","","","","","","","","","","","","","","","","","","","","","","","","","","","","","","","","","180","184","164","98","113","104","78","128","138","164","174","193","188","","",
"Greenland","GRL","New businesses registered (number)","IC.BUS.NREG","","","","","","","","","","","","","","","","","","","","","","","","","","","","","","","","","","","","","","","","","","","","","","","","","","","","","","","","","","","","","",
"Guatemala","GTM","New businesses registered (number)","IC.BUS.NREG","","","","","","","","","","","","","","","","","","","","","","","","","","","","","","","","","","","","","","","","","","","","","","","4830","4945","5490","5112","5049","5088","4182","4574","4599","4861","4751","5627","5530","","",
"Guam","GUM","New businesses registered (number)","IC.BUS.NREG","","","","","","","","","","","","","","","","","","","","","","","","","","","","","","","","","","","","","","","","","","","","","","","","","","","","","","","","","","","","","",
"Guyana","GUY","New businesses registered (number)","IC.BUS.NREG","","","","","","","","","","","","","","","","","","","","","","","","","","","","","","","","","","","","","","","","","","","","","","","","","","","","","","","","","","","","","",
"High income","HIC","New businesses registered (number)","IC.BUS.NREG","","","","","","","","","","","","","","","","","","","","","","","","","","","","","","","","","","","","","","","","","","","","","","","","","","","","","","","","","","","","","",
"Hong Kong SAR, China","HKG","New businesses registered (number)","IC.BUS.NREG","","","","","","","","","","","","","","","","","","","","","","","","","","","","","","","","","","","","","","","","","","","","","","","81974","100761","98645","109424","139530","148329","150165","174031","167280","139209","144883","160229","151739","","",
"Honduras","HND","New businesses registered (number)","IC.BUS.NREG","","","","","","","","","","","","","","","","","","","","","","","","","","","","","","","","","","","","","","","","","","","","","","","","","","","","","","","","","","","","","",
"Heavily indebted poor countries (HIPC)","HPC","New businesses registered (number)","IC.BUS.NREG","","","","","","","","","","","","","","","","","","","","","","","","","","","","","","","","","","","","","","","","","","","","","","","","","","","","","","","","","","","","","",
"Croatia","HRV","New businesses registered (number)","IC.BUS.NREG","","","","","","","","","","","","","","","","","","","","","","","","","","","","","","","","","","","","","","","","","","","","","","","9913","10603","10156","7806","7139","7116","7949","14186","12964","12558","13502","14918","15585","","",
"Haiti","HTI","New businesses registered (number)","IC.BUS.NREG","","","","","","","","","","","","","","","","","","","","","","","","","","","","","","","","","","","","","","","","","","","","","","","190","201","199","301","383","","","","","","","","","","",
"Hungary","HUN","New businesses registered (number)","IC.BUS.NREG","","","","","","","","","","","","","","","","","","","","","","","","","","","","","","","","","","","","","","","","","","","","","","","22008","27335","43598","42046","44269","52217","32311","28207","24479","21048","22328","22783","24252","","",
"IBRD only","IBD","New businesses registered (number)","IC.BUS.NREG","","","","","","","","","","","","","","","","","","","","","","","","","","","","","","","","","","","","","","","","","","","","","","","","","","","","","","","","","","","","","",
"IDA & IBRD total","IBT","New businesses registered (number)","IC.BUS.NREG","","","","","","","","","","","","","","","","","","","","","","","","","","","","","","","","","","","","","","","","","","","","","","","","","","","","","","","","","","","","","",
"IDA total","IDA","New businesses registered (number)","IC.BUS.NREG","","","","","","","","","","","","","","","","","","","","","","","","","","","","","","","","","","","","","","","","","","","","","","","","","","","","","","","","","","","","","",
"IDA blend","IDB","New businesses registered (number)","IC.BUS.NREG","","","","","","","","","","","","","","","","","","","","","","","","","","","","","","","","","","","","","","","","","","","","","","","","","","","","","","","","","","","","","",
"Indonesia","IDN","New businesses registered (number)","IC.BUS.NREG","","","","","","","","","","","","","","","","","","","","","","","","","","","","","","","","","","","","","","","","","","","","","","","23535","24964","39302","29604","38106","43906","47714","51151","57926","57079","58426","","","","",
"IDA only","IDX","New businesses registered (number)","IC.BUS.NREG","","","","","","","","","","","","","","","","","","","","","","","","","","","","","","","","","","","","","","","","","","","","","","","","","","","","","","","","","","","","","",
"Isle of Man","IMN","New businesses registered (number)","IC.BUS.NREG","","","","","","","","","","","","","","","","","","","","","","","","","","","","","","","","","","","","","","","","","","","","","","","","","","","","","","","","","","","","","",
"India","IND","New businesses registered (number)","IC.BUS.NREG","","","","","","","","","","","","","","","","","","","","","","","","","","","","","","","","","","","","","","","","","","","","","","","49721","62919","70303","60813","86645","97405","103078","91841","69841","80546","93714","108074","123942","","",
"Not classified","INX","New businesses registered (number)","IC.BUS.NREG","","","","","","","","","","","","","","","","","","","","","","","","","","","","","","","","","","","","","","","","","","","","","","","","","","","","","","","","","","","","","",
"Ireland","IRL","New businesses registered (number)","IC.BUS.NREG","","","","","","","","","","","","","","","","","","","","","","","","","","","","","","","","","","","","","","","","","","","","","","","19032","18503","14590","13185","13793","14322","13774","15326","17601","19207","20750","22274","22398","","",
"Iran, Islamic Rep.","IRN","New businesses registered (number)","IC.BUS.NREG","","","","","","","","","","","","","","","","","","","","","","","","","","","","","","","","","","","","","","","","","","","","","","","","","","","","","","","","","","","23689","","",
"Iraq","IRQ","New businesses registered (number)","IC.BUS.NREG","","","","","","","","","","","","","","","","","","","","","","","","","","","","","","","","","","","","","","","","","","","","","","","3759","3508","5293","4707","2532","1967","2450","3044","1958","1801","2020","","","","",
"Iceland","ISL","New businesses registered (number)","IC.BUS.NREG","","","","","","","","","","","","","","","","","","","","","","","","","","","","","","","","","","","","","","","","","","","","","","","3203","3730","2514","2654","1614","1719","1801","1946","2105","2374","2707","2551","2283","","",
"Israel","ISR","New businesses registered (number)","IC.BUS.NREG","","","","","","","","","","","","","","","","","","","","","","","","","","","","","","","","","","","","","","","","","","","","","","","14035","15680","14607","14462","16276","15833","14246","14201","15409","16587","17624","17213","17456","","",
"Italy","ITA","New businesses registered (number)","IC.BUS.NREG","","","","","","","","","","","","","","","","","","","","","","","","","","","","","","","","","","","","","","","","","","","","","","","87113","90950","87665","83042","87415","80028","75646","83470","91583","99983","102135","110756","114360","","",
"Jamaica","JAM","New businesses registered (number)","IC.BUS.NREG","","","","","","","","","","","","","","","","","","","","","","","","","","","","","","","","","","","","","","","","","","","","","","","1954","2024","2137","2057","2020","1897","1946","1948","1775","2227","2544","2733","3159","","",
"Jordan","JOR","New businesses registered (number)","IC.BUS.NREG","","","","","","","","","","","","","","","","","","","","","","","","","","","","","","","","","","","","","","","","","","","","","","","2189","1982","2315","2735","3106","3039","3868","4122","4093","3460","3450","3932","3289","","",
"Japan","JPN","New businesses registered (number)","IC.BUS.NREG","","","","","","","","","","","","","","","","","","","","","","","","","","","","","","","","","","","","","","","","","","","","","","","3450","6187","5503","5884","7269","9246","11031","14729","19972","22387","23944","27442","29243","","",
"Kazakhstan","KAZ","New businesses registered (number)","IC.BUS.NREG","","","","","","","","","","","","","","","","","","","","","","","","","","","","","","","","","","","","","","","","","","","","","","","12361","19739","13935","3240","707","14223","15404","19601","15072","10682","21583","28004","23464","","",
"Kenya","KEN","New businesses registered (number)","IC.BUS.NREG","","","","","","","","","","","","","","","","","","","","","","","","","","","","","","","","","","","","","","","","","","","","","","","","","","","","","","","","","","37303","44259","","",
"Kyrgyz Republic","KGZ","New businesses registered (number)","IC.BUS.NREG","","","","","","","","","","","","","","","","","","","","","","","","","","","","","","","","","","","","","","","","","","","","","","","3211","2906","3721","3161","2905","3433","3379","4035","4100","4499","4936","","","","",
"Cambodia","KHM","New businesses registered (number)","IC.BUS.NREG","","","","","","","","","","","","","","","","","","","","","","","","","","","","","","","","","","","","","","","","","","","","","","","1670","2826","2744","2003","2572","3104","3385","2986","3850","4417","4238","5432","7007","","",
"Kiribati","KIR","New businesses registered (number)","IC.BUS.NREG","","","","","","","","","","","","","","","","","","","","","","","","","","","","","","","","","","","","","","","","","","","","","","","4","3","2","3","4","3","5","2","2","3","4","4","2","","",
"St. Kitts and Nevis","KNA","New businesses registered (number)","IC.BUS.NREG","","","","","","","","","","","","","","","","","","","","","","","","","","","","","","","","","","","","","","","","","","","","","","","","","","","","","","","","","","","","","",
"Korea, Rep.","KOR","New businesses registered (number)","IC.BUS.NREG","","","","","","","","","","","","","","","","","","","","","","","","","","","","","","","","","","","","","","","","","","","","","","","50289","53227","50505","56337","60312","65110","74162","75574","84697","93768","96155","","","","",
"Kuwait","KWT","New businesses registered (number)","IC.BUS.NREG","","","","","","","","","","","","","","","","","","","","","","","","","","","","","","","","","","","","","","","","","","","","","","","","","","","","","","","","","","9920","18535","","",
"Latin America & Caribbean (excluding high income)","LAC","New businesses registered (number)","IC.BUS.NREG","","","","","","","","","","","","","","","","","","","","","","","","","","","","","","","","","","","","","","","","","","","","","","","","","","","","","","","","","","","","","",
"Lao PDR","LAO","New businesses registered (number)","IC.BUS.NREG","","","","","","","","","","","","","","","","","","","","","","","","","","","","","","","","","","","","","","","","","","","","","","","","","24","75","78","66","97","92","75","95","114","112","178","","",
"Lebanon","LBN","New businesses registered (number)","IC.BUS.NREG","","","","","","","","","","","","","","","","","","","","","","","","","","","","","","","","","","","","","","","","","","","","","","","","","","","","","","","","","","","","","",
"Liberia","LBR","New businesses registered (number)","IC.BUS.NREG","","","","","","","","","","","","","","","","","","","","","","","","","","","","","","","","","","","","","","","","","","","","","","","","","","","","15","30","34","38","20","31","32","59","","",
"Libya","LBY","New businesses registered (number)","IC.BUS.NREG","","","","","","","","","","","","","","","","","","","","","","","","","","","","","","","","","","","","","","","","","","","","","","","","","","","","","","","","","","","","","",
"St. Lucia","LCA","New businesses registered (number)","IC.BUS.NREG","","","","","","","","","","","","","","","","","","","","","","","","","","","","","","","","","","","","","","","","","","","","","","","484","579","582","427","399","369","379","237","307","367","332","322","350","","",
"Latin America & Caribbean","LCN","New businesses registered (number)","IC.BUS.NREG","","","","","","","","","","","","","","","","","","","","","","","","","","","","","","","","","","","","","","","","","","","","","","","","","","","","","","","","","","","","","",
"Least developed countries: UN classification","LDC","New businesses registered (number)","IC.BUS.NREG","","","","","","","","","","","","","","","","","","","","","","","","","","","","","","","","","","","","","","","","","","","","","","","","","","","","","","","","","","","","","",
"Low income","LIC","New businesses registered (number)","IC.BUS.NREG","","","","","","","","","","","","","","","","","","","","","","","","","","","","","","","","","","","","","","","","","","","","","","","","","","","","","","","","","","","","","",
"Liechtenstein","LIE","New businesses registered (number)","IC.BUS.NREG","","","","","","","","","","","","","","","","","","","","","","","","","","","","","","","","","","","","","","","","","","","","","","","","","15","7","12","20","24","30","29","29","34","127","163","","",
"Sri Lanka","LKA","New businesses registered (number)","IC.BUS.NREG","","","","","","","","","","","","","","","","","","","","","","","","","","","","","","","","","","","","","","","","","","","","","","","","2873","4321","4062","6110","7662","6975","5788","6674","7583","8060","9474","10510","","",
"Lower middle income","LMC","New businesses registered (number)","IC.BUS.NREG","","","","","","","","","","","","","","","","","","","","","","","","","","","","","","","","","","","","","","","","","","","","","","","","","","","","","","","","","","","","","",
"Low & middle income","LMY","New businesses registered (number)","IC.BUS.NREG","","","","","","","","","","","","","","","","","","","","","","","","","","","","","","","","","","","","","","","","","","","","","","","","","","","","","","","","","","","","","",
"Lesotho","LSO","New businesses registered (number)","IC.BUS.NREG","","","","","","","","","","","","","","","","","","","","","","","","","","","","","","","","","","","","","","","","","","","","","","","875","1042","1397","1501","1720","1575","1795","2032","1933","2572","2301","2443","3725","","",
"Late-demographic dividend","LTE","New businesses registered (number)","IC.BUS.NREG","","","","","","","","","","","","","","","","","","","","","","","","","","","","","","","","","","","","","","","","","","","","","","","","","","","","","","","","","","","","","",
"Lithuania","LTU","New businesses registered (number)","IC.BUS.NREG","","","","","","","","","","","","","","","","","","","","","","","","","","","","","","","","","","","","","","","","","","","","","","","5307","6578","5432","5399","6522","7799","10976","8057","8481","6184","6352","6578","6072","","",
"Luxembourg","LUX","New businesses registered (number)","IC.BUS.NREG","","","","","","","","","","","","","","","","","","","","","","","","","","","","","","","","","","","","","","","","","","","","","","","","","","3567","4397","1919","5127","5937","6777","6642","6207","6636","7309","","",
"Latvia","LVA","New businesses registered (number)","IC.BUS.NREG","","","","","","","","","","","","","","","","","","","","","","","","","","","","","","","","","","","","","","","","","","","","","","","11231","11970","8931","7171","11898","16840","15752","15352","13995","12551","10319","9340","9864","","",
"Macao SAR, China","MAC","New businesses registered (number)","IC.BUS.NREG","","","","","","","","","","","","","","","","","","","","","","","","","","","","","","","","","","","","","","","","","","","","","","","","","","","","","","","","","","","","","",
"St. Martin (French part)","MAF","New businesses registered (number)","IC.BUS.NREG","","","","","","","","","","","","","","","","","","","","","","","","","","","","","","","","","","","","","","","","","","","","","","","","","","","","","","","","","","","","","",
"Morocco","MAR","New businesses registered (number)","IC.BUS.NREG","","","","","","","","","","","","","","","","","","","","","","","","","","","","","","","","","","","","","","","","","","","","","","","17595","24726","26253","27218","27882","30149","32941","33275","34761","35829","39013","40032","45132","","",
"Monaco","MCO","New businesses registered (number)","IC.BUS.NREG","","","","","","","","","","","","","","","","","","","","","","","","","","","","","","","","","","","","","","","","","","","","","","","","","","","","","","","","","","","","","",
"Moldova","MDA","New businesses registered (number)","IC.BUS.NREG","","","","","","","","","","","","","","","","","","","","","","","","","","","","","","","","","","","","","","","","","","","","","","","","","","","","","","","4460","4538","4444","5140","4801","","",
"Madagascar","MDG","New businesses registered (number)","IC.BUS.NREG","","","","","","","","","","","","","","","","","","","","","","","","","","","","","","","","","","","","","","","","","","","","","","","","","","","","","","","1557","1543","1572","1904","1881","","",
"Maldives","MDV","New businesses registered (number)","IC.BUS.NREG","","","","","","","","","","","","","","","","","","","","","","","","","","","","","","","","","","","","","","","","","","","","","","","926","1043","1092","904","","","","","","","","","","","",
"Middle East & North Africa","MEA","New businesses registered (number)","IC.BUS.NREG","","","","","","","","","","","","","","","","","","","","","","","","","","","","","","","","","","","","","","","","","","","","","","","","","","","","","","","","","","","","","",
"Mexico","MEX","New businesses registered (number)","IC.BUS.NREG","","","","","","","","","","","","","","","","","","","","","","","","","","","","","","","","","","","","","","","","","","","","","","","22116","26337","27226","38581","45321","44786","31028","42562","43617","46174","45256","82948","83903","","",
"Marshall Islands","MHL","New businesses registered (number)","IC.BUS.NREG","","","","","","","","","","","","","","","","","","","","","","","","","","","","","","","","","","","","","","","","","","","","","","","","","","","","","","","","","","","","","",
"Middle income","MIC","New businesses registered (number)","IC.BUS.NREG","","","","","","","","","","","","","","","","","","","","","","","","","","","","","","","","","","","","","","","","","","","","","","","","","","","","","","","","","","","","","",
"North Macedonia","MKD","New businesses registered (number)","IC.BUS.NREG","","","","","","","","","","","","","","","","","","","","","","","","","","","","","","","","","","","","","","","","","","","","","","","8000","9313","9703","8074","6729","6015","5394","5452","5524","5794","5687","5438","5282","","",
"Mali","MLI","New businesses registered (number)","IC.BUS.NREG","","","","","","","","","","","","","","","","","","","","","","","","","","","","","","","","","","","","","","","","","","","","","","","","","","535","1474","1818","1541","1642","2386","2879","3092","3020","3130","","",
"Malta","MLT","New businesses registered (number)","IC.BUS.NREG","","","","","","","","","","","","","","","","","","","","","","","","","","","","","","","","","","","","","","","","","","","","","","","1085","1125","1150","1240","1540","2088","2674","3425","4107","4569","4498","4891","5527","","",
"Myanmar","MMR","New businesses registered (number)","IC.BUS.NREG","","","","","","","","","","","","","","","","","","","","","","","","","","","","","","","","","","","","","","","","","","","","","","","530","538","704","757","1186","1944","3078","4076","4521","4765","6663","7558","14051","","",
"Middle East & North Africa (excluding high income)","MNA","New businesses registered (number)","IC.BUS.NREG","","","","","","","","","","","","","","","","","","","","","","","","","","","","","","","","","","","","","","","","","","","","","","","","","","","","","","","","","","","","","",
"Montenegro","MNE","New businesses registered (number)","IC.BUS.NREG","","","","","","","","","","","","","","","","","","","","","","","","","","","","","","","","","","","","","","","","","","","","","","","3051","4276","3399","2335","2370","2356","2489","2900","3075","3011","2817","3182","4694","","",
"Mongolia","MNG","New businesses registered (number)","IC.BUS.NREG","","","","","","","","","","","","","","","","","","","","","","","","","","","","","","","","","","","","","","","","","","","","","","","12505","11835","10130","7786","9193","11295","11244","12785","12921","11003","9986","12308","11507","","",
"Northern Mariana Islands","MNP","New businesses registered (number)","IC.BUS.NREG","","","","","","","","","","","","","","","","","","","","","","","","","","","","","","","","","","","","","","","","","","","","","","","","","","","","","","","","","","","","","",
"Mozambique","MOZ","New businesses registered (number)","IC.BUS.NREG","","","","","","","","","","","","","","","","","","","","","","","","","","","","","","","","","","","","","","","","","","","","","","","","","","","","","","","","","","","","","",
"Mauritania","MRT","New businesses registered (number)","IC.BUS.NREG","","","","","","","","","","","","","","","","","","","","","","","","","","","","","","","","","","","","","","","","","","","","","","","","","","","","","","","","219","994","1122","959","","",
"Mauritius","MUS","New businesses registered (number)","IC.BUS.NREG","","","","","","","","","","","","","","","","","","","","","","","","","","","","","","","","","","","","","","","","","","","","","","","7435","8888","9012","6631","7442","7239","6817","6353","7091","7845","8851","8757","8285","","",
"Malawi","MWI","New businesses registered (number)","IC.BUS.NREG","","","","","","","","","","","","","","","","","","","","","","","","","","","","","","","","","","","","","","","","","","","","","","","420","628","797","619","","","","","","","","","","","",
"Malaysia","MYS","New businesses registered (number)","IC.BUS.NREG","","","","","","","","","","","","","","","","","","","","","","","","","","","","","","","","","","","","","","","","","","","","","","","38293","43337","41623","41638","44202","45455","45441","46321","49203","49510","46555","52085","51722","","",
"North America","NAC","New businesses registered (number)","IC.BUS.NREG","","","","","","","","","","","","","","","","","","","","","","","","","","","","","","","","","","","","","","","","","","","","","","","","","","","","","","","","","","","","","",
"Namibia","NAM","New businesses registered (number)","IC.BUS.NREG","","","","","","","","","","","","","","","","","","","","","","","","","","","","","","","","","","","","","","","","","","","","","","","657","698","997","939","803","873","1127","1154","1233","1382","1613","","","","",
"New Caledonia","NCL","New businesses registered (number)","IC.BUS.NREG","","","","","","","","","","","","","","","","","","","","","","","","","","","","","","","","","","","","","","","","","","","","","","","","","","","","","","","","","","","","","",
"Niger","NER","New businesses registered (number)","IC.BUS.NREG","","","","","","","","","","","","","","","","","","","","","","","","","","","","","","","","","","","","","","","","","","","","","","","","","","","","","","","","","762","759","931","","",
"Nigeria","NGA","New businesses registered (number)","IC.BUS.NREG","","","","","","","","","","","","","","","","","","","","","","","","","","","","","","","","","","","","","","","","","","","","","","","34531","46240","64017","65089","65074","72396","81144","74391","71941","70441","75380","78540","86309","","",
"Nicaragua","NIC","New businesses registered (number)","IC.BUS.NREG","","","","","","","","","","","","","","","","","","","","","","","","","","","","","","","","","","","","","","","","","","","","","","","","","","","","","","","","","","","","","",
"Netherlands","NLD","New businesses registered (number)","IC.BUS.NREG","","","","","","","","","","","","","","","","","","","","","","","","","","","","","","","","","","","","","","","","","","","","","","","36400","34800","38100","35100","33900","35600","48680","69295","64253","64516","67127","68682","71531","","",
"Norway","NOR","New businesses registered (number)","IC.BUS.NREG","","","","","","","","","","","","","","","","","","","","","","","","","","","","","","","","","","","","","","","","","","","","","","","34813","20375","17372","12842","13946","16249","25614","26295","25885","26706","27918","29890","29959","","",
"Nepal","NPL","New businesses registered (number)","IC.BUS.NREG","","","","","","","","","","","","","","","","","","","","","","","","","","","","","","","","","","","","","","","","","","","","","","","5596","7178","8510","9893","9750","10000","10456","9359","11971","12446","17222","19268","24088","","",
"Nauru","NRU","New businesses registered (number)","IC.BUS.NREG","","","","","","","","","","","","","","","","","","","","","","","","","","","","","","","","","","","","","","","","","","","","","","","","","","","","","","","","","","","","","",
"New Zealand","NZL","New businesses registered (number)","IC.BUS.NREG","","","","","","","","","","","","","","","","","","","","","","","","","","","","","","","","","","","","","","","","","","","","","","","67842","70351","53401","48316","45168","42172","43860","45419","48904","52337","58130","57917","56380","","",
"OECD members","OED","New businesses registered (number)","IC.BUS.NREG","","","","","","","","","","","","","","","","","","","","","","","","","","","","","","","","","","","","","","","","","","","","","","","","","","","","","","","","","","","","","",
"Oman","OMN","New businesses registered (number)","IC.BUS.NREG","","","","","","","","","","","","","","","","","","","","","","","","","","","","","","","","","","","","","","","","","","","","","","","2502","3797","4382","3647","3806","5005","5026","4366","3432","6616","7355","5590","5085","","",
"Other small states","OSS","New businesses registered (number)","IC.BUS.NREG","","","","","","","","","","","","","","","","","","","","","","","","","","","","","","","","","","","","","","","","","","","","","","","","","","","","","","","","","","","","","",
"Pakistan","PAK","New businesses registered (number)","IC.BUS.NREG","","","","","","","","","","","","","","","","","","","","","","","","","","","","","","","","","","","","","","","","","","","","","","","3943","3285","3519","2421","2956","3449","4069","4039","4808","5549","6882","9864","13229","","",
"Panama","PAN","New businesses registered (number)","IC.BUS.NREG","","","","","","","","","","","","","","","","","","","","","","","","","","","","","","","","","","","","","","","","","","","","","","","","","","","","","","30203","29488","26387","19562","15373","13068","","",
"Peru","PER","New businesses registered (number)","IC.BUS.NREG","","","","","","","","","","","","","","","","","","","","","","","","","","","","","","","","","","","","","","","","","","","","","","","37990","47649","55684","55547","60260","71093","75282","74376","74586","79040","75397","77546","79346","","",
"Philippines","PHL","New businesses registered (number)","IC.BUS.NREG","","","","","","","","","","","","","","","","","","","","","","","","","","","","","","","","","","","","","","","","","","","","","","","13325","12285","13470","11435","11714","17495","18515","20231","21066","21422","22306","24374","19774","","",
"Palau","PLW","New businesses registered (number)","IC.BUS.NREG","","","","","","","","","","","","","","","","","","","","","","","","","","","","","","","","","","","","","","","","","","","","","","","","","","","","","","","","","","","","","",
"Papua New Guinea","PNG","New businesses registered (number)","IC.BUS.NREG","","","","","","","","","","","","","","","","","","","","","","","","","","","","","","","","","","","","","","","","","","","","","","","","","","","","","","","","","","","","","",
"Poland","POL","New businesses registered (number)","IC.BUS.NREG","","","","","","","","","","","","","","","","","","","","","","","","","","","","","","","","","","","","","","","","","","","","","","","13110","13781","12678","14434","18120","19320","24753","29891","30155","40224","43523","38903","36879","","",
"Pre-demographic dividend","PRE","New businesses registered (number)","IC.BUS.NREG","","","","","","","","","","","","","","","","","","","","","","","","","","","","","","","","","","","","","","","","","","","","","","","","","","","","","","","","","","","","","",
"Puerto Rico","PRI","New businesses registered (number)","IC.BUS.NREG","","","","","","","","","","","","","","","","","","","","","","","","","","","","","","","","","","","","","","","","","","","","","","","","","","","","","","","","","","","","","",
"Korea, Dem. People’s Rep.","PRK","New businesses registered (number)","IC.BUS.NREG","","","","","","","","","","","","","","","","","","","","","","","","","","","","","","","","","","","","","","","","","","","","","","","","","","","","","","","","","","","","","",
"Portugal","PRT","New businesses registered (number)","IC.BUS.NREG","","","","","","","","","","","","","","","","","","","","","","","","","","","","","","","","","","","","","","","","","","","","","","","31849","34720","31324","28381","28501","31896","27803","32081","31860","34120","33651","37571","43114","","",
"Paraguay","PRY","New businesses registered (number)","IC.BUS.NREG","","","","","","","","","","","","","","","","","","","","","","","","","","","","","","","","","","","","","","","","","","","","","","","","","","","","","","","","","","","1018","","",
"West Bank and Gaza","PSE","New businesses registered (number)","IC.BUS.NREG","","","","","","","","","","","","","","","","","","","","","","","","","","","","","","","","","","","","","","","","","","","","","","","","","","","","","","","","","","","","","",
"Pacific island small states","PSS","New businesses registered (number)","IC.BUS.NREG","","","","","","","","","","","","","","","","","","","","","","","","","","","","","","","","","","","","","","","","","","","","","","","","","","","","","","","","","","","","","",
"Post-demographic dividend","PST","New businesses registered (number)","IC.BUS.NREG","","","","","","","","","","","","","","","","","","","","","","","","","","","","","","","","","","","","","","","","","","","","","","","","","","","","","","","","","","","","","",
"French Polynesia","PYF","New businesses registered (number)","IC.BUS.NREG","","","","","","","","","","","","","","","","","","","","","","","","","","","","","","","","","","","","","","","","","","","","","","","","","","","","","","","","","","","","","",
"Qatar","QAT","New businesses registered (number)","IC.BUS.NREG","","","","","","","","","","","","","","","","","","","","","","","","","","","","","","","","","","","","","","","","","","","","","","","3697","4190","4365","4033","5068","6067","5784","5986","7196","5619","11535","14082","14824","","",
"Romania","ROU","New businesses registered (number)","IC.BUS.NREG","","","","","","","","","","","","","","","","","","","","","","","","","","","","","","","","","","","","","","","","","","","","","","","92979","102745","100646","56690","51859","65842","61542","60292","56381","64417","73889","98405","94244","","",
"Russian Federation","RUS","New businesses registered (number)","IC.BUS.NREG","","","","","","","","","","","","","","","","","","","","","","","","","","","","","","","","","","","","","","","","","","","","","","","419318","403913","415693","257170","258327","157281","397952","398782","427388","456046","433464","392323","317468","","",
"Rwanda","RWA","New businesses registered (number)","IC.BUS.NREG","","","","","","","","","","","","","","","","","","","","","","","","","","","","","","","","","","","","","","","","","","","","","","","252","311","431","1307","3650","6030","8526","9272","9980","9775","10146","10076","10635","","",
"South Asia","SAS","New businesses registered (number)","IC.BUS.NREG","","","","","","","","","","","","","","","","","","","","","","","","","","","","","","","","","","","","","","","","","","","","","","","","","","","","","","","","","","","","","",
"Saudi Arabia","SAU","New businesses registered (number)","IC.BUS.NREG","","","","","","","","","","","","","","","","","","","","","","","","","","","","","","","","","","","","","","","","","","","","","","","3246","4021","4808","5158","5762","6645","8461","8942","9995","11046","10598","10903","12116","","",
"Sudan","SDN","New businesses registered (number)","IC.BUS.NREG","","","","","","","","","","","","","","","","","","","","","","","","","","","","","","","","","","","","","","","","","","","","","","","","","","","","","","","","","","","","","",
"Senegal","SEN","New businesses registered (number)","IC.BUS.NREG","","","","","","","","","","","","","","","","","","","","","","","","","","","","","","","","","","","","","","","","","","","","","","","1054","3052","1702","2242","1745","1815","1945","2117","2367","3258","3419","3712","4003","","",
"Singapore","SGP","New businesses registered (number)","IC.BUS.NREG","","","","","","","","","","","","","","","","","","","","","","","","","","","","","","","","","","","","","","","","","","","","","","","19575","23850","23544","24234","27483","29781","31531","34766","38306","34706","35021","37172","43046","","",
"Solomon Islands","SLB","New businesses registered (number)","IC.BUS.NREG","","","","","","","","","","","","","","","","","","","","","","","","","","","","","","","","","","","","","","","","","","","","","","","","","","","","","","","","","","","","","",
"Sierra Leone","SLE","New businesses registered (number)","IC.BUS.NREG","","","","","","","","","","","","","","","","","","","","","","","","","","","","","","","","","","","","","","","","","","","","","","","333","375","555","688","905","831","1069","1046","682","986","1082","1233","1980","","",
"El Salvador","SLV","New businesses registered (number)","IC.BUS.NREG","","","","","","","","","","","","","","","","","","","","","","","","","","","","","","","","","","","","","","","","","","","","","","","","","","","1844","1767","1937","1971","2069","2147","2204","2146","2347","","",
"San Marino","SMR","New businesses registered (number)","IC.BUS.NREG","","","","","","","","","","","","","","","","","","","","","","","","","","","","","","","","","","","","","","","","","","","","","","","","","","","","","","","","","","","","","",
"Somalia","SOM","New businesses registered (number)","IC.BUS.NREG","","","","","","","","","","","","","","","","","","","","","","","","","","","","","","","","","","","","","","","","","","","","","","","","","","","","","","","","","","","","","",
"Serbia","SRB","New businesses registered (number)","IC.BUS.NREG","","","","","","","","","","","","","","","","","","","","","","","","","","","","","","","","","","","","","","","","","","","","","","","11021","11337","10958","9814","9333","8319","8505","8558","8081","7929","8288","8479","8671","","",
"Sub-Saharan Africa (excluding high income)","SSA","New businesses registered (number)","IC.BUS.NREG","","","","","","","","","","","","","","","","","","","","","","","","","","","","","","","","","","","","","","","","","","","","","","","","","","","","","","","","","","","","","",
"South Sudan","SSD","New businesses registered (number)","IC.BUS.NREG","","","","","","","","","","","","","","","","","","","","","","","","","","","","","","","","","","","","","","","","","","","","","","","333","1176","3221","2505","937","4459","4430","3627","1961","759","1765","","","","",
"Sub-Saharan Africa","SSF","New businesses registered (number)","IC.BUS.NREG","","","","","","","","","","","","","","","","","","","","","","","","","","","","","","","","","","","","","","","","","","","","","","","","","","","","","","","","","","","","","",
"Small states","SST","New businesses registered (number)","IC.BUS.NREG","","","","","","","","","","","","","","","","","","","","","","","","","","","","","","","","","","","","","","","","","","","","","","","","","","","","","","","","","","","","","",
"Sao Tome and Principe","STP","New businesses registered (number)","IC.BUS.NREG","","","","","","","","","","","","","","","","","","","","","","","","","","","","","","","","","","","","","","","","","","","","","","","","","","","56","230","346","292","315","314","350","297","265","","",
"Suriname","SUR","New businesses registered (number)","IC.BUS.NREG","","","","","","","","","","","","","","","","","","","","","","","","","","","","","","","","","","","","","","","","","","","","","","","114","109","169","142","214","400","583","592","495","412","523","860","","","",
"Slovak Republic","SVK","New businesses registered (number)","IC.BUS.NREG","","","","","","","","","","","","","","","","","","","","","","","","","","","","","","","","","","","","","","","","","","","","","","","13507","16020","17625","15815","17544","19026","19979","21797","12027","10430","18007","19821","19720","","",
"Slovenia","SVN","New businesses registered (number)","IC.BUS.NREG","","","","","","","","","","","","","","","","","","","","","","","","","","","","","","","","","","","","","","","","","","","","","","","3869","4976","6235","5836","5438","5754","6174","6107","6243","5550","4309","4563","4182","","",
"Sweden","SWE","New businesses registered (number)","IC.BUS.NREG","","","","","","","","","","","","","","","","","","","","","","","","","","","","","","","","","","","","","","","","","","","","","","","23894","27994","27554","24350","34709","43964","39262","39137","42068","45568","49751","48545","45590","","",
"Eswatini","SWZ","New businesses registered (number)","IC.BUS.NREG","","","","","","","","","","","","","","","","","","","","","","","","","","","","","","","","","","","","","","","","","","","","","","","","","","","","","","","","","","","","","",
"Sint Maarten (Dutch part)","SXM","New businesses registered (number)","IC.BUS.NREG","","","","","","","","","","","","","","","","","","","","","","","","","","","","","","","","","","","","","","","","","","","","","","","","","","","","","","","","","","","","","",
"Seychelles","SYC","New businesses registered (number)","IC.BUS.NREG","","","","","","","","","","","","","","","","","","","","","","","","","","","","","","","","","","","","","","","","","","","","","","","242","360","397","322","268","329","333","316","308","330","295","297","344","","",
"Syrian Arab Republic","SYR","New businesses registered (number)","IC.BUS.NREG","","","","","","","","","","","","","","","","","","","","","","","","","","","","","","","","","","","","","","","","","","","","","","","","","","","","","","","","","","","","","",
"Turks and Caicos Islands","TCA","New businesses registered (number)","IC.BUS.NREG","","","","","","","","","","","","","","","","","","","","","","","","","","","","","","","","","","","","","","","","","","","","","","","","","","","","","","","","","","","","","",
"Chad","TCD","New businesses registered (number)","IC.BUS.NREG","","","","","","","","","","","","","","","","","","","","","","","","","","","","","","","","","","","","","","","","","","","","","","","","","","","","","805","904","927","768","702","780","878","","",
"East Asia & Pacific (IDA & IBRD countries)","TEA","New businesses registered (number)","IC.BUS.NREG","","","","","","","","","","","","","","","","","","","","","","","","","","","","","","","","","","","","","","","","","","","","","","","","","","","","","","","","","","","","","",
"Europe & Central Asia (IDA & IBRD countries)","TEC","New businesses registered (number)","IC.BUS.NREG","","","","","","","","","","","","","","","","","","","","","","","","","","","","","","","","","","","","","","","","","","","","","","","","","","","","","","","","","","","","","",
"Togo","TGO","New businesses registered (number)","IC.BUS.NREG","","","","","","","","","","","","","","","","","","","","","","","","","","","","","","","","","","","","","","","","","","","","","","","26","57","62","515","560","615","723","737","1082","1704","1660","1767","2587","","",
"Thailand","THA","New businesses registered (number)","IC.BUS.NREG","","","","","","","","","","","","","","","","","","","","","","","","","","","","","","","","","","","","","","","","","","","","","","","30119","25156","27655","27520","31707","33704","40900","44482","43589","44809","48907","55525","55589","","",
"Tajikistan","TJK","New businesses registered (number)","IC.BUS.NREG","","","","","","","","","","","","","","","","","","","","","","","","","","","","","","","","","","","","","","","","","","","","","","","878","885","1080","1855","2178","1242","1272","5555","1514","1218","984","793","831","","",
"Turkmenistan","TKM","New businesses registered (number)","IC.BUS.NREG","","","","","","","","","","","","","","","","","","","","","","","","","","","","","","","","","","","","","","","","","","","","","","","","","","","","","","","","","","","","","",
"Latin America & the Caribbean (IDA & IBRD countries)","TLA","New businesses registered (number)","IC.BUS.NREG","","","","","","","","","","","","","","","","","","","","","","","","","","","","","","","","","","","","","","","","","","","","","","","","","","","","","","","","","","","","","",
"Timor-Leste","TLS","New businesses registered (number)","IC.BUS.NREG","","","","","","","","","","","","","","","","","","","","","","","","","","","","","","","","","","","","","","","","","","","","","","","","","409","1170","4445","2212","1686","3571","2889","","","","","","",
"Middle East & North Africa (IDA & IBRD countries)","TMN","New businesses registered (number)","IC.BUS.NREG","","","","","","","","","","","","","","","","","","","","","","","","","","","","","","","","","","","","","","","","","","","","","","","","","","","","","","","","","","","","","",
"Tonga","TON","New businesses registered (number)","IC.BUS.NREG","","","","","","","","","","","","","","","","","","","","","","","","","","","","","","","","","","","","","","","","","","","","","","","107","144","103","105","139","116","115","112","65","71","49","","","","",
"South Asia (IDA & IBRD)","TSA","New businesses registered (number)","IC.BUS.NREG","","","","","","","","","","","","","","","","","","","","","","","","","","","","","","","","","","","","","","","","","","","","","","","","","","","","","","","","","","","","","",
"Sub-Saharan Africa (IDA & IBRD countries)","TSS","New businesses registered (number)","IC.BUS.NREG","","","","","","","","","","","","","","","","","","","","","","","","","","","","","","","","","","","","","","","","","","","","","","","","","","","","","","","","","","","","","",
"Trinidad and Tobago","TTO","New businesses registered (number)","IC.BUS.NREG","","","","","","","","","","","","","","","","","","","","","","","","","","","","","","","","","","","","","","","","","","","","","","","","","","","","","","","","","","","","","",
"Tunisia","TUN","New businesses registered (number)","IC.BUS.NREG","","","","","","","","","","","","","","","","","","","","","","","","","","","","","","","","","","","","","","","","","","","","","","","6368","8997","8297","9138","11317","11307","12556","12691","11973","11661","12450","11647","13134","","",
"Turkey","TUR","New businesses registered (number)","IC.BUS.NREG","","","","","","","","","","","","","","","","","","","","","","","","","","","","","","","","","","","","","","","","","","","","","","","","","","","","","","48999","53375","65324","62674","74347","85798","","",
"Tuvalu","TUV","New businesses registered (number)","IC.BUS.NREG","","","","","","","","","","","","","","","","","","","","","","","","","","","","","","","","","","","","","","","","","","","","","","","","","","","","","","","","","","","","","",
"Tanzania","TZA","New businesses registered (number)","IC.BUS.NREG","","","","","","","","","","","","","","","","","","","","","","","","","","","","","","","","","","","","","","","","","","","","","","","3745","4234","5099","5020","6800","7606","8126","8662","8768","8890","8326","6504","5276","","",
"Uganda","UGA","New businesses registered (number)","IC.BUS.NREG","","","","","","","","","","","","","","","","","","","","","","","","","","","","","","","","","","","","","","","","","","","","","","","7104","7479","8376","9486","10490","14661","16686","15409","16757","18387","18050","17423","18862","","",
"Ukraine","UKR","New businesses registered (number)","IC.BUS.NREG","","","","","","","","","","","","","","","","","","","","","","","","","","","","","","","","","","","","","","","","","","","","","","","30934","38141","31385","21567","31450","34468","29619","35203","33406","38088","48138","51349","","","",
"Upper middle income","UMC","New businesses registered (number)","IC.BUS.NREG","","","","","","","","","","","","","","","","","","","","","","","","","","","","","","","","","","","","","","","","","","","","","","","","","","","","","","","","","","","","","",
"Uruguay","URY","New businesses registered (number)","IC.BUS.NREG","","","","","","","","","","","","","","","","","","","","","","","","","","","","","","","","","","","","","","","","","","","","","","","","","","","","","","","","","3420","3350","2796","","",
"United States","USA","New businesses registered (number)","IC.BUS.NREG","","","","","","","","","","","","","","","","","","","","","","","","","","","","","","","","","","","","","","","","","","","","","","","","","","","","","","","","","","","","","",
"Uzbekistan","UZB","New businesses registered (number)","IC.BUS.NREG","","","","","","","","","","","","","","","","","","","","","","","","","","","","","","","","","","","","","","","","","","","","","","","3809","4683","4854","7856","9023","12274","9973","13758","15551","17414","23081","26656","35968","","",
"St. Vincent and the Grenadines","VCT","New businesses registered (number)","IC.BUS.NREG","","","","","","","","","","","","","","","","","","","","","","","","","","","","","","","","","","","","","","","","","","","","","","","159","210","168","131","139","136","127","134","125","119","118","","","","",
"Venezuela, RB","VEN","New businesses registered (number)","IC.BUS.NREG","","","","","","","","","","","","","","","","","","","","","","","","","","","","","","","","","","","","","","","","","","","","","","","","","","","","","","","","","","","","","",
"British Virgin Islands","VGB","New businesses registered (number)","IC.BUS.NREG","","","","","","","","","","","","","","","","","","","","","","","","","","","","","","","","","","","","","","","","","","","","","","","","","","","","","","","","","","","","","",
"Virgin Islands (U.S.)","VIR","New businesses registered (number)","IC.BUS.NREG","","","","","","","","","","","","","","","","","","","","","","","","","","","","","","","","","","","","","","","","","","","","","","","","","","","","","","","","","","","","","",
"Vietnam","VNM","New businesses registered (number)","IC.BUS.NREG","","","","","","","","","","","","","","","","","","","","","","","","","","","","","","","","","","","","","","","","","","","","","","","","","","","","","","","","73422","73422","","","","",
"Vanuatu","VUT","New businesses registered (number)","IC.BUS.NREG","","","","","","","","","","","","","","","","","","","","","","","","","","","","","","","","","","","","","","","","","","","","","","","53","72","66","23","87","74","70","54","88","83","130","168","258","","",
"World","WLD","New businesses registered (number)","IC.BUS.NREG","","","","","","","","","","","","","","","","","","","","","","","","","","","","","","","","","","","","","","","","","","","","","","","","","","","","","","","","","","","","","",
"Samoa","WSM","New businesses registered (number)","IC.BUS.NREG","","","","","","","","","","","","","","","","","","","","","","","","","","","","","","","","","","","","","","","","","","","","","","","44","37","56","81","94","100","88","95","117","129","110","138","126","","",
"Kosovo","XKX","New businesses registered (number)","IC.BUS.NREG","","","","","","","","","","","","","","","","","","","","","","","","","","","","","","","","","","","","","","","","","","","","","","","758","851","888","854","989","1105","1461","1971","2100","2526","3993","4640","5353","","",
"Yemen, Rep.","YEM","New businesses registered (number)","IC.BUS.NREG","","","","","","","","","","","","","","","","","","","","","","","","","","","","","","","","","","","","","","","","","","","","","","","","","","","","","","","","","","","","","",
"South Africa","ZAF","New businesses registered (number)","IC.BUS.NREG","","","","","","","","","","","","","","","","","","","","","","","","","","","","","","","","","","","","","","","","","","","","","","","306082","326303","287704","279397","206826","180877","220910","239596","235602","315677","376727","","","","",
"Zambia","ZMB","New businesses registered (number)","IC.BUS.NREG","","","","","","","","","","","","","","","","","","","","","","","","","","","","","","","","","","","","","","","","","","","","","","","3562","5537","6022","5169","6351","7772","8849","9397","9394","9131","8872","9396","10236","","",
"Zimbabwe","ZWE","New businesses registered (number)","IC.BUS.NREG","","","","","","","","","","","","","","","","","","","","","","","","","","","","","","","","","","","","","","","","","","","","","","","22532","33755","39266","3592","5024","8541","9491","9782","9465","9055","8124","9518","16810","","",
